<?xml version="1.0" encoding="ISO-8859-1"?>
<!DOCTYPE metadata SYSTEM "http://www.fgdc.gov/metadata/fgdc-std-001-1998.dtd">
<metadata>
	<idinfo>
		<citation>
			<citeinfo>
				<origin>Climate Prediction Center - NWS - NOAA</origin>
				<pubdate>See date of filename for publication date.</pubdate>
				<title>U.S. Temperature Hazards</title>
				<geoform Sync="TRUE">vector digital data</geoform>
				<onlink>http://www.cpc.ncep.noaa.gov/products/GIS/GIS_DATA</onlink>
				<ftname Sync="TRUE">temp_haz</ftname></citeinfo>
		</citation>
		<descript>
			<abstract>This shapefile consists of the temperature hazards for the CPC U.S. Hazards Assessment.</abstract>
			<purpose>The purpose of this product is to denote areas of extreme temperatures and dangerous winds.</purpose>
			<langdata Sync="TRUE">en</langdata></descript>
		<timeperd>
			<timeinfo>
				<sngdate>
					<caldate>This forecast is valid for Days 3-14 after the forecast date, which is denoted in the filename</caldate>
				</sngdate>
			</timeinfo>
			<current>ground condition</current>
		</timeperd>
		<status>
			<progress>Complete</progress>
			<update>A new Hazards forecast is produced every Monday-Friday.</update>
		</status>
		<spdom>
			<bounding>
				<westbc Sync="TRUE">-81.830734</westbc>
				<eastbc Sync="TRUE">-79.223938</eastbc>
				<northbc Sync="TRUE">31.160000</northbc>
				<southbc Sync="TRUE">24.694920</southbc>
			</bounding>
			<lboundng><leftbc Sync="TRUE">-81.830734</leftbc><rightbc Sync="TRUE">-79.223938</rightbc><bottombc Sync="TRUE">24.694920</bottombc><topbc Sync="TRUE">31.160000</topbc></lboundng></spdom>
		<keywords>
			<theme>
				<themekt>N/A</themekt>
				<themekey>hazards precipitation rainfall flooding</themekey>
			</theme>
		</keywords>
		<accconst>None</accconst>
		<useconst>None</useconst>
		<ptcontac>
			<cntinfo>
				<cntorgp>
					<cntorg>Climate Prediction Center - National Weather Service - NOAA</cntorg>
					<cntper>Kenneth Pelman</cntper>
				</cntorgp>
				<cntpos>Meteorologist - Operations Branch</cntpos>
				<cntaddr>
					<addrtype>mailing and physical address</addrtype>
					<address>5200 Auth Road Room 604</address>
					<city>Camp Springs</city>
					<state>MD</state>
					<postal>20746</postal>
				</cntaddr>
				<cntvoice>301-763-8000 x 7583</cntvoice>
			</cntinfo>
		</ptcontac>
		<native Sync="TRUE">Microsoft Windows XP Version 5.1 (Build 2600) Service Pack 2; ESRI ArcCatalog 9.1.0.780</native>
		<crossref>
			<citeinfo>
				<title>U.S. Temperature Hazards</title>
			</citeinfo>
		</crossref>
		<natvform Sync="TRUE">Shapefile</natvform></idinfo>
	<spdoinfo>
		<direct Sync="TRUE">Vector</direct>
		<ptvctinf>
			<sdtsterm Name="temp_haz">
				<sdtstype Sync="TRUE">G-polygon</sdtstype>
				<ptvctcnt Sync="TRUE">1</ptvctcnt>
			</sdtsterm>
			<esriterm Name="temp_haz"><efeatyp Sync="TRUE">Simple</efeatyp><efeageom Sync="TRUE">Polygon</efeageom><esritopo Sync="TRUE">FALSE</esritopo><efeacnt Sync="TRUE">1</efeacnt><spindex Sync="TRUE">FALSE</spindex><linrefer Sync="TRUE">FALSE</linrefer></esriterm></ptvctinf>
	</spdoinfo>
	<spref>
		<horizsys>
			<geograph>
				<latres Sync="TRUE">0.000000</latres>
				<longres Sync="TRUE">0.000000</longres>
				<geogunit Sync="TRUE">Decimal degrees</geogunit>
			</geograph>
			<geodetic>
				<horizdn Sync="TRUE">North American Datum of 1927</horizdn>
				<ellips Sync="TRUE">Clarke 1866</ellips>
				<semiaxis Sync="TRUE">6378206.400000</semiaxis>
				<denflat Sync="TRUE">294.978698</denflat>
			</geodetic>
			<cordsysn><geogcsn Sync="TRUE">GCS_Assumed_Geographic_1</geogcsn></cordsysn></horizsys>
	</spref>
	<eainfo>
		<detailed Name="temp_haz">
			<enttyp>
				<enttypl Sync="TRUE">temp_haz</enttypl>
				<enttypt Sync="TRUE">Feature Class</enttypt><enttypc Sync="TRUE">1</enttypc></enttyp>
			<attr>
				<attrlabl>FID</attrlabl>
				<attrdef>Internal feature number.</attrdef>
				<attrdefs>ESRI</attrdefs>
				<attrdomv>
					<udom>Sequential unique whole numbers that are automatically generated.</udom>
				</attrdomv>
			</attr>
			<attr>
				<attrlabl>Shape</attrlabl>
				<attrdef>Feature geometry.</attrdef>
				<attrdefs>ESRI</attrdefs>
				<attrdomv>
					<udom>Coordinates defining the features.</udom>
				</attrdomv>
			</attr>
			<attr>
				<attrlabl>id</attrlabl>
				<attrdef>ID of feature</attrdef>
				<attrtype Sync="TRUE">Number</attrtype><attwidth Sync="TRUE">10</attwidth></attr>
			<attr>
				<attrlabl>label</attrlabl>
				<attrdef>Label of Feature that is denoted on the Hazards Map.</attrdef>
				<attrtype Sync="TRUE">String</attrtype><attwidth Sync="TRUE">60</attwidth></attr>
			<attr>
				<attrlabl>nverts</attrlabl>
				<attrdef>The number of vertices in a contour.</attrdef>
				<attrtype Sync="TRUE">Number</attrtype><attwidth Sync="TRUE">10</attwidth></attr>
			<attr>
				<attrlabl>Fcst_Date</attrlabl>
				<attrdef>The date the Assessment was made.</attrdef>
				<attrtype Sync="TRUE">String</attrtype><attwidth Sync="TRUE">15</attwidth></attr>
			<attr>
				<attrlabl>Valid_Per</attrlabl>
				<attrdef>The valid forecast period for the current Assessment.</attrdef>
				<attrtype Sync="TRUE">String</attrtype><attwidth Sync="TRUE">30</attwidth></attr>
		</detailed>
	</eainfo>
	<distinfo>
		<distrib>
			<cntinfo>
				<cntorgp>
					<cntorg>Climate Prediction Center</cntorg>
				</cntorgp>
			</cntinfo>
		</distrib>
		<resdesc>Downloadable Data</resdesc>
		<stdorder>
			<digform>
				<digtinfo>
					<transize>0.015</transize>
					<dssize Sync="TRUE">0.005</dssize></digtinfo>
			</digform>
			<fees>None</fees>
		</stdorder>
	</distinfo>
	<metainfo>
		<metd Sync="TRUE">20071031</metd>
		<metc>
			<cntinfo>
				<cntorgp>
					<cntorg>Climate Prediction Center - NWS - NOAA</cntorg>
					<cntper>Kenneth Pelman</cntper>
				</cntorgp>
				<cntpos>Meterologist  - Operations Branch</cntpos>
				<cntaddr>
					<addrtype>mailing and physical address</addrtype>
					<address>5200 Auth Road Room 604</address>
					<city>Camp Springs</city>
					<state>MD</state>
					<postal>20746</postal>
				</cntaddr>
				<cntvoice>301-763-8000 x7583</cntvoice>
				<cntemail>kenneth.pelman@noaa.gov</cntemail>
			</cntinfo>
		</metc>
		<metstdn Sync="TRUE">FGDC Content Standards for Digital Geospatial Metadata</metstdn>
		<metstdv Sync="TRUE">FGDC-STD-001-1998</metstdv>
		<mettc Sync="TRUE">local time</mettc>
		<metextns>
			<onlink>http://www.esri.com/metadata/esriprof80.html</onlink>
			<metprof>ESRI Metadata Profile</metprof>
		</metextns>
		<langmeta Sync="TRUE">en</langmeta><metextns><onlink Sync="TRUE">http://www.esri.com/metadata/esriprof80.html</onlink><metprof Sync="TRUE">ESRI Metadata Profile</metprof></metextns></metainfo>
	<Esri><MetaID>{209F1CBF-FB99-457E-BFF5-026D5AE10CE1}</MetaID><CreaDate>20071031</CreaDate><CreaTime>09282600</CreaTime><SyncOnce>FALSE</SyncOnce><SyncDate>20071031</SyncDate><SyncTime>09352000</SyncTime><ModDate>20071031</ModDate><ModTime>09352000</ModTime></Esri><dataqual><lineage><procstep><procdesc Sync="TRUE">Metadata imported.</procdesc><srcused Sync="TRUE">Z:\wd51kp\idl\precip_metadata.xml</srcused><date Sync="TRUE">20071031</date><time Sync="TRUE">09282600</time></procstep></lineage></dataqual><dataIdInfo><envirDesc Sync="TRUE">Microsoft Windows XP Version 5.1 (Build 2600) Service Pack 2; ESRI ArcCatalog 9.1.0.780</envirDesc><dataLang><languageCode Sync="TRUE" value="en"></languageCode></dataLang><idCitation><resTitle Sync="TRUE">temp_haz</resTitle><presForm><PresFormCd Sync="TRUE" value="005"></PresFormCd></presForm></idCitation><spatRpType><SpatRepTypCd Sync="TRUE" value="001"></SpatRepTypCd></spatRpType><dataExt><geoEle><GeoBndBox esriExtentType="native"><westBL Sync="TRUE">-81.830734</westBL><eastBL Sync="TRUE">-79.223938</eastBL><northBL Sync="TRUE">31.16</northBL><southBL Sync="TRUE">24.69492</southBL><exTypeCode Sync="TRUE">1</exTypeCode></GeoBndBox></geoEle></dataExt><geoBox esriExtentType="decdegrees"><westBL Sync="TRUE">-81.830734</westBL><eastBL Sync="TRUE">-79.223938</eastBL><northBL Sync="TRUE">31.16</northBL><southBL Sync="TRUE">24.69492</southBL><exTypeCode Sync="TRUE">1</exTypeCode></geoBox></dataIdInfo><mdLang><languageCode Sync="TRUE" value="en"></languageCode></mdLang><mdStanName Sync="TRUE">ISO 19115 Geographic Information - Metadata</mdStanName><mdStanVer Sync="TRUE">DIS_ESRI1.0</mdStanVer><mdChar><CharSetCd Sync="TRUE" value="004"></CharSetCd></mdChar><mdHrLv><ScopeCd Sync="TRUE" value="005"></ScopeCd></mdHrLv><mdHrLvName Sync="TRUE">dataset</mdHrLvName><distInfo><distributor><distorTran><onLineSrc><orDesc Sync="TRUE">002</orDesc><linkage Sync="TRUE">file://\\lnx219.ncep.noaa.gov\export\lnx219\wd51kp\idl\temp_haz.shp</linkage><protocol Sync="TRUE">Local Area Network</protocol></onLineSrc><transSize Sync="TRUE">0.005</transSize></distorTran><distorFormat><formatName Sync="TRUE">Shapefile</formatName></distorFormat></distributor></distInfo><refSysInfo><RefSystem><refSysID><identCode Sync="TRUE">GCS_Assumed_Geographic_1</identCode></refSysID></RefSystem></refSysInfo><spatRepInfo><VectSpatRep><topLvl><TopoLevCd Sync="TRUE" value="001"></TopoLevCd></topLvl><geometObjs Name="temp_haz"><geoObjTyp><GeoObjTypCd Sync="TRUE" value="001"></GeoObjTypCd></geoObjTyp><geoObjCnt Sync="TRUE">1</geoObjCnt></geometObjs></VectSpatRep></spatRepInfo><mdDateSt Sync="TRUE">20071031</mdDateSt></metadata>
